timestamp,temp_c,cloud_cover,irradiance_wm2
2026-10-03T00:00:00,23.02,14.39,0.0
2026-10-03T00:15:00,23.04,16.99,0.0
2026-10-03T00:30:00,21.39,19.8,0.0
2026-10-03T00:45:00,22.63,17.92,0.0
2026-10-03T01:00:00,21.3,14.58,0.0
2026-10-03T01:15:00,21.75,19.37,0.0
2026-10-03T01:30:00,22.29,18.35,0.0
2026-10-03T01:45:00,21.91,12.41,0.0
2026-10-03T02:00:00,22.19,10.8,0.0
2026-10-03T02:15:00,22.82,16.5,0.0
2026-10-03T02:30:00,22.8,13.75,0.0
2026-10-03T02:45:00,23.37,19.15,0.0
2026-10-03T03:00:00,23.15,12.19,0.0
2026-10-03T03:15:00,22.73,10.7,0.0
2026-10-03T03:30:00,22.33,17.11,0.0
2026-10-03T03:45:00,23.76,19.98,0.0
2026-10-03T04:00:00,23.2,14.02,0.0
2026-10-03T04:15:00,23.79,12.23,0.0
2026-10-03T04:30:00,23.43,15.12,0.0
2026-10-03T04:45:00,23.96,17.08,0.0
2026-10-03T05:00:00,24.75,18.73,0.0
2026-10-03T05:15:00,25.65,13.54,0.0
2026-10-03T05:30:00,26.31,18.49,0.0
2026-10-03T05:45:00,25.83,13.34,0.0
2026-10-03T06:00:00,26.84,12.48,0.0
2026-10-03T06:15:00,25.92,17.15,64.01
2026-10-03T06:30:00,27.76,15.11,127.66
2026-10-03T06:45:00,27.93,11.69,178.31
2026-10-03T07:00:00,28.59,16.21,245.13
2026-10-03T07:15:00,29.24,16.12,309.7
2026-10-03T07:30:00,29.28,10.91,356.05
2026-10-03T07:45:00,29.5,14.7,407.55
2026-10-03T08:00:00,30.78,11.22,461.7
2026-10-03T08:15:00,30.09,17.28,516.32
2026-10-03T08:30:00,31.08,17.32,595.61
2026-10-03T08:45:00,31.22,12.37,647.08
2026-10-03T09:00:00,30.88,17.94,642.76
2026-10-03T09:15:00,32.17,15.75,688.78
2026-10-03T09:30:00,31.95,15.22,769.26
2026-10-03T09:45:00,32.79,17.08,773.39
2026-10-03T10:00:00,33.11,11.98,787.01
2026-10-03T10:15:00,34.66,17.82,888.67
2026-10-03T10:30:00,33.6,18.63,921.03
2026-10-03T10:45:00,34.8,13.58,894.79
2026-10-03T11:00:00,33.85,15.44,956.52
2026-10-03T11:15:00,34.32,16.69,912.71
2026-10-03T11:30:00,34.5,18.5,977.23
2026-10-03T11:45:00,35.79,17.21,941.19
2026-10-03T12:00:00,35.7,11.8,964.98
2026-10-03T12:15:00,35.51,15.92,902.23
2026-10-03T12:30:00,35.46,12.03,906.63
2026-10-03T12:45:00,36.07,20.27,899.44
2026-10-03T13:00:00,36.12,16.95,902.84
2026-10-03T13:15:00,35.04,15.88,943.01
2026-10-03T13:30:00,36.56,15.94,839.13
2026-10-03T13:45:00,35.95,16.82,891.3
2026-10-03T14:00:00,35.86,14.43,802.54
2026-10-03T14:15:00,35.87,11.35,784.82
2026-10-03T14:30:00,36.37,12.56,785.12
2026-10-03T14:45:00,35.68,17.9,684.82
2026-10-03T15:00:00,34.96,18.47,683.02
2026-10-03T15:15:00,35.74,20.38,600.52
2026-10-03T15:30:00,34.44,16.79,550.16
2026-10-03T15:45:00,34.47,19.34,546.11
2026-10-03T16:00:00,34.09,14.19,497.64
2026-10-03T16:15:00,34.18,20.66,409.38
2026-10-03T16:30:00,33.16,15.67,346.13
2026-10-03T16:45:00,34.47,18.82,317.96
2026-10-03T17:00:00,33.91,16.54,256.06
2026-10-03T17:15:00,32.38,17.99,190.64
2026-10-03T17:30:00,32.1,18.86,118.71
2026-10-03T17:45:00,31.47,13.82,64.99
2026-10-03T18:00:00,30.77,12.97,0.0
2026-10-03T18:15:00,30.45,17.45,0.0
2026-10-03T18:30:00,31.4,13.44,0.0
2026-10-03T18:45:00,29.82,19.27,0.0
2026-10-03T19:00:00,30.69,16.52,0.0
2026-10-03T19:15:00,28.58,11.67,0.0
2026-10-03T19:30:00,28.29,12.87,0.0
2026-10-03T19:45:00,28.73,12.79,0.0
2026-10-03T20:00:00,27.94,18.54,0.0
2026-10-03T20:15:00,27.63,13.61,0.0
2026-10-03T20:30:00,27.64,18.79,0.0
2026-10-03T20:45:00,27.07,12.96,0.0
2026-10-03T21:00:00,25.42,20.95,0.0
2026-10-03T21:15:00,25.55,14.7,0.0
2026-10-03T21:30:00,25.34,18.34,0.0
2026-10-03T21:45:00,25.89,14.6,0.0
2026-10-03T22:00:00,25.46,12.0,0.0
2026-10-03T22:15:00,24.37,18.11,0.0
2026-10-03T22:30:00,23.15,13.19,0.0
2026-10-03T22:45:00,23.47,21.47,0.0
2026-10-03T23:00:00,23.54,21.16,0.0
2026-10-03T23:15:00,23.7,16.52,0.0
2026-10-03T23:30:00,23.43,12.05,0.0
2026-10-03T23:45:00,21.87,20.18,0.0
